{"cameraMode":{"drawMode":0,"name":"Shaded","section":"Shading Mode"},"sceneLighting":false,"audioPlay":false,"sceneViewState":{"m_AlwaysRefresh":false,"showFog":true,"showSkybox":false,"showFlares":true,"showImageEffects":true,"showParticleSystems":true,"showVisualEffectGraphs":true,"m_FxEnabled":true},"in2DMode":false,"pivot":{"x":-6.407967567443848,"y":2.76788067817688,"z":9.55377197265625},"rotation":{"x":-0.0023781894706189634,"y":-1.0004006624221802,"z":-0.012215422466397286,"w":-0.007210931275039911},"size":1.3946199417114258,"orthographic":false}