{"cameraMode":{"drawMode":0,"name":"Shaded","section":"Shading Mode"},"sceneLighting":true,"audioPlay":false,"sceneViewState":{"m_AlwaysRefresh":false,"showFog":true,"showSkybox":true,"showFlares":true,"showImageEffects":true,"showParticleSystems":true,"showVisualEffectGraphs":true,"m_FxEnabled":true},"in2DMode":false,"pivot":{"x":-6.465119361877441,"y":2.6462008953094484,"z":10.171113014221192},"rotation":{"x":-0.00020424013200681657,"y":-0.9998010396957398,"z":-0.013498199172317982,"w":0.015398127026855946},"size":0.8660253882408142,"orthographic":false}