{"cameraMode":{"drawMode":0,"name":"Shaded","section":"Shading Mode"},"sceneLighting":false,"audioPlay":false,"sceneViewState":{"m_AlwaysRefresh":false,"showFog":true,"showSkybox":false,"showFlares":true,"showImageEffects":true,"showParticleSystems":true,"showVisualEffectGraphs":true,"m_FxEnabled":true},"in2DMode":false,"pivot":{"x":-5.192097187042236,"y":2.1003432273864748,"z":3.590813159942627},"rotation":{"x":-0.0044417111203074459,"y":0.9762659072875977,"z":-0.21578559279441834,"w":-0.04430091008543968},"size":1.5573649406433106,"orthographic":false}