{"cameraMode":{"drawMode":0,"name":"Shaded","section":"Shading Mode"},"sceneLighting":false,"audioPlay":false,"sceneViewState":{"m_AlwaysRefresh":false,"showFog":true,"showSkybox":false,"showFlares":true,"showImageEffects":true,"showParticleSystems":true,"showVisualEffectGraphs":true,"m_FxEnabled":true},"in2DMode":false,"pivot":{"x":560.391357421875,"y":200.7882080078125,"z":-12.211503982543946},"rotation":{"x":-0.19084994494915009,"y":0.05666306987404823,"z":-0.011869076639413834,"w":-0.9804031252861023},"size":0.06031070277094841,"orthographic":false}