{"cameraMode":{"drawMode":0,"name":"Shaded","section":"Shading Mode"},"sceneLighting":false,"audioPlay":false,"sceneViewState":{"m_AlwaysRefresh":false,"showFog":true,"showSkybox":false,"showFlares":true,"showImageEffects":true,"showParticleSystems":true,"showVisualEffectGraphs":true,"m_FxEnabled":true},"in2DMode":false,"pivot":{"x":556.0169677734375,"y":240.3908233642578,"z":301.90423583984377},"rotation":{"x":-0.0015465815085917712,"y":-0.9981451034545898,"z":0.020962316542863847,"w":0.06535620987415314},"size":0.06031070277094841,"orthographic":false}